name,url,review count,aggregating rating value,price range,address,postcode,category
Cafe Paradiset,/Restaurant_Review-g189838-d10325888-Reviews-Cafe_Paradiset-Lund_Skane_County.html,4.0,5.0,,Paradisgatan 1,223 50,FoodEstablishment
Tunaparkens Pizzeria,/Restaurant_Review-g189838-d5949231-Reviews-Tunaparkens_Pizzeria-Lund_Skane_County.html,6.0,4.0,,1 C Dag Hammarskjoelds Vaeg,224 64,FoodEstablishment
The Herbivore,/Restaurant_Review-g189838-d15598766-Reviews-The_Herbivore-Lund_Skane_County.html,4.0,5.0,$$ - $$$,Bredgatan 2,222 21,FoodEstablishment
Zeituna,/Restaurant_Review-g189838-d13483144-Reviews-Zeituna-Lund_Skane_County.html,4.0,4.5,,Kyrkogatan 23,222 22,FoodEstablishment
Pizzeria Ulrikedal,/Restaurant_Review-g189838-d5977019-Reviews-Pizzeria_Ulrikedal-Lund_Skane_County.html,6.0,4.0,,Ulrikedalsv. 4-6,224 58,FoodEstablishment
Unds Stenugnsbageri,/Restaurant_Review-g189838-d5972320-Reviews-Unds_Stenugnsbageri-Lund_Skane_County.html,4.0,5.0,,1 Vaestra Maartensgatan,223 51,FoodEstablishment
Lazise,/Restaurant_Review-g189838-d8834626-Reviews-Lazise-Lund_Skane_County.html,3.0,5.0,$$ - $$$,16 Magistratsvaegen,226 43,FoodEstablishment
Viet Cuisine,/Restaurant_Review-g189838-d10812066-Reviews-Viet_Cuisine-Lund_Skane_County.html,16.0,3.5,$,Martenstorget 1 Saluhallen,223 51,FoodEstablishment
Annika's Cafe Och Glassbar,/Restaurant_Review-g189838-d6180301-Reviews-Annika_s_Cafe_Och_Glassbar-Lund_Skane_County.html,8.0,4.0,$,4 Kyrkogatan,222 22,FoodEstablishment
Le Croissant,/Restaurant_Review-g189838-d14036620-Reviews-Le_Croissant-Lund_Skane_County.html,5.0,4.0,,Vastra martensgatan 2,223 51,FoodEstablishment
Tacostorget,/Restaurant_Review-g189838-d7248241-Reviews-Tacostorget-Lund_Skane_County.html,3.0,5.0,,13 Aaldermansgatan,227 64,FoodEstablishment
Martens Restaurang och Pizzeria,/Restaurant_Review-g189838-d12216809-Reviews-Martens_Restaurang_och_Pizzeria-Lund_Skane_County.html,6.0,4.0,,Bankgatan 4,22352,FoodEstablishment
Tiny Lumberjack Film and Cafe,/Restaurant_Review-g189838-d12171525-Reviews-Tiny_Lumberjack_Film_and_Cafe-Lund_Skane_County.html,3.0,4.5,,Fredsgatan 2A,222 20,FoodEstablishment
Orvars Korvar &amp; Burgare,/Restaurant_Review-g189838-d15084005-Reviews-Orvars_Korvar_Burgare-Lund_Skane_County.html,2.0,5.0,,Skarpskyttevagen 3,226 42,FoodEstablishment
Ao Thai,/Restaurant_Review-g189838-d4357686-Reviews-Ao_Thai-Lund_Skane_County.html,20.0,3.5,$$ - $$$,Kiliansgatan 17,223 50,FoodEstablishment
Tegners Matsalar,/Restaurant_Review-g189838-d7726502-Reviews-Tegners_Matsalar-Lund_Skane_County.html,13.0,3.5,$$ - $$$,2 Sandgatan,223 50,FoodEstablishment
Africa Daily Market,/Restaurant_Review-g189838-d12215233-Reviews-Africa_Daily_Market-Lund_Skane_County.html,3.0,4.5,,Lilla Tvargatan 3,223 53,FoodEstablishment
Shotluckan,/Restaurant_Review-g189838-d10113290-Reviews-Shotluckan-Lund_Skane_County.html,15.0,3.5,$,2C Kungsgatan,223 50,FoodEstablishment
Werners Backhaus,/Restaurant_Review-g189838-d13511437-Reviews-Werners_Backhaus-Lund_Skane_County.html,5.0,4.0,,Lilla Fiskargatan 17,222 22,FoodEstablishment
La Piazza,/Restaurant_Review-g189838-d3518784-Reviews-La_Piazza-Lund_Skane_County.html,18.0,3.5,,3 Maartenstorget,223 51,FoodEstablishment
Bellini Pizzeria,/Restaurant_Review-g189838-d1186605-Reviews-Bellini_Pizzeria-Lund_Skane_County.html,5.0,4.0,$$ - $$$,Getingevagen,222 41,FoodEstablishment
Hojdpunkten,/Restaurant_Review-g189838-d10453343-Reviews-Hojdpunkten-Lund_Skane_County.html,3.0,4.5,,17 Scheelevaegen Beta 6,223 63,FoodEstablishment
Max,/Restaurant_Review-g189838-d15048353-Reviews-Max-Lund_Skane_County.html,2.0,4.5,,Kung Oscars vag 14,227 37,FoodEstablishment
Gerdas Restaurang,/Restaurant_Review-g189838-d1042636-Reviews-Gerdas_Restaurang-Lund_Skane_County.html,5.0,4.0,$$ - $$$,Glimmerv. 5,,FoodEstablishment
Mangal Oriental B.B.Q,/Restaurant_Review-g189838-d6369257-Reviews-Mangal_Oriental_B_B_Q-Lund_Skane_County.html,12.0,3.5,,10 Foeretagsvaegen,227 61,FoodEstablishment
Wraphouse,/Restaurant_Review-g189838-d1043217-Reviews-Wraphouse-Lund_Skane_County.html,25.0,3.0,$$ - $$$,Bang. 4,,FoodEstablishment
Osthuset I Malmo,/Restaurant_Review-g189838-d5936297-Reviews-Osthuset_I_Malmo-Lund_Skane_County.html,3.0,4.0,,Martenstorget Saluhallen,223 51,FoodEstablishment
Martens Kebab House,/Restaurant_Review-g189838-d12138736-Reviews-Martens_Kebab_House-Lund_Skane_County.html,8.0,3.5,$,Martenstorget 9,223 51,FoodEstablishment
Cafe Bryggan,/Restaurant_Review-g189838-d5936284-Reviews-Cafe_Bryggan-Lund_Skane_County.html,5.0,3.5,,Solvegatan 26,223 62,FoodEstablishment
Pompes Bar,/Restaurant_Review-g189838-d11904714-Reviews-Pompes_Bar-Lund_Skane_County.html,3.0,4.0,,Glimmervagen 5 Scandic Star,224 78,FoodEstablishment
Restaurant Tatung,/Restaurant_Review-g189838-d807879-Reviews-Restaurant_Tatung-Lund_Skane_County.html,73.0,3.0,$$ - $$$,Bantorget 6,,FoodEstablishment
Albins Cafe och Restaurang,/Restaurant_Review-g189838-d10778388-Reviews-Albins_Cafe_och_Restaurang-Lund_Skane_County.html,1.0,4.0,,Kyrkogatan 21,222 22,FoodEstablishment
Cafe Mondo,/Restaurant_Review-g189838-d796907-Reviews-Cafe_Mondo-Lund_Skane_County.html,14.0,3.0,$,Kyrkogatan 23,222 22,FoodEstablishment
Nobbelovs Pizzeria,/Restaurant_Review-g189838-d4185570-Reviews-Nobbelovs_Pizzeria-Lund_Skane_County.html,2.0,3.5,,19 Noebbeloevs Torg,226 52,FoodEstablishment
Restaurang &amp; Pizzeria Eros,/Restaurant_Review-g189838-d1042648-Reviews-Restaurang_Pizzeria_Eros-Lund_Skane_County.html,4.0,3.5,,Allhelgona Kyrkog. 4,,FoodEstablishment
Kalmar Nation,/Restaurant_Review-g189838-d5936215-Reviews-Kalmar_Nation-Lund_Skane_County.html,2.0,3.0,,12 Biskopsgatan,223 62,FoodEstablishment
Paolo's,/Restaurant_Review-g189838-d12959059-Reviews-Paolo_s-Lund_Skane_County.html,4.0,3.0,,Scheelevagen 27 Elite Hotel Ideon,223 63,FoodEstablishment
Pizzabakeren,/Restaurant_Review-g189838-d14919814-Reviews-Pizzabakeren-Lund_Skane_County.html,1.0,3.0,,Skarpskyttevagen 3,226 42,FoodEstablishment
Cafe Hamburgerstallet,/Restaurant_Review-g189838-d12369140-Reviews-Cafe_Hamburgerstallet-Lund_Skane_County.html,1.0,3.0,$$ - $$$,Botulfsplatsen,223 50,FoodEstablishment
Det lilla cafeet pa hornet,/Restaurant_Review-g189838-d15700253-Reviews-Det_lilla_cafeet_pa_hornet-Lund_Skane_County.html,1.0,3.0,$,Kyrkogatan 17,22222,FoodEstablishment
Burger King,/Restaurant_Review-g189838-d15554218-Reviews-Burger_King-Lund_Skane_County.html,1.0,3.0,,Skarpskyttevagen 3,22642,FoodEstablishment
Asian Hot Wok,/Restaurant_Review-g189838-d10605362-Reviews-Asian_Hot_Wok-Lund_Skane_County.html,1.0,3.0,,58b Stora Soedergatan,222 23,FoodEstablishment
Primo no 1,/Restaurant_Review-g189838-d15235511-Reviews-Primo_no_1-Lund_Skane_County.html,1.0,3.0,,Bangatan 12,222 21,FoodEstablishment
Sibylla Lund Central,/Restaurant_Review-g189838-d15191629-Reviews-Sibylla_Lund_Central-Lund_Skane_County.html,2.0,3.0,,Bangatan 3,,FoodEstablishment
Cafe &amp; Le,/Restaurant_Review-g189838-d2632178-Reviews-Cafe_Le-Lund_Skane_County.html,37.0,3.0,$$ - $$$,10 Vaestra Maartensgatan,223 51,FoodEstablishment
Sesam Lund,/Restaurant_Review-g189838-d12972430-Reviews-Sesam_Lund-Lund_Skane_County.html,4.0,3.0,,Ostra Martensgatan 2A,223 61,FoodEstablishment
Mae Yai,/Restaurant_Review-g189838-d3378856-Reviews-Mae_Yai-Lund_Skane_County.html,30.0,3.0,$,15G Stora Fiskaregatan,222 24,FoodEstablishment
New Delhi,/Restaurant_Review-g189838-d952752-Reviews-New_Delhi-Lund_Skane_County.html,67.0,3.0,$$ - $$$,15 Stora Fiskaregatan,222 24,FoodEstablishment
Royal Thai Restaurang,/Restaurant_Review-g189838-d3735259-Reviews-Royal_Thai_Restaurang-Lund_Skane_County.html,14.0,3.0,$$ - $$$,"Martenstorget 7 Lund, Sverige",,FoodEstablishment
Moroten &amp; Piskan,/Restaurant_Review-g189838-d5949018-Reviews-Moroten_Piskan-Lund_Skane_County.html,3.0,2.5,,Karhuset Soelvegatan 22,223 62,FoodEstablishment
Cafe Tjugan,/Restaurant_Review-g189838-d7724719-Reviews-Cafe_Tjugan-Lund_Skane_County.html,1.0,2.0,,12 Stora Soedergatan,222 23,FoodEstablishment
Chadis Grill,/Restaurant_Review-g189838-d5936300-Reviews-Chadis_Grill-Lund_Skane_County.html,8.0,3.0,$,Vegag. 2,224 57,FoodEstablishment
Tandoor,/Restaurant_Review-g189838-d740116-Reviews-Tandoor-Lund_Skane_County.html,15.0,2.5,,15 Stora Fiskaregatan,222 24,FoodEstablishment
Khatoon,/Restaurant_Review-g189838-d13198099-Reviews-Khatoon-Lund_Skane_County.html,9.0,3.0,$$ - $$$,Lilla Tvargatan 19,,FoodEstablishment
Subway,/Restaurant_Review-g189838-d15117706-Reviews-Subway-Lund_Skane_County.html,1.0,2.0,,Botulfsgatan 5,223 50,FoodEstablishment
Olympia Pizza &amp; Cafe,/Restaurant_Review-g189838-d8665657-Reviews-Olympia_Pizza_Cafe-Lund_Skane_County.html,9.0,3.0,$$ - $$$,39 Tunavaegen Vid Ica Tuna,223 63,FoodEstablishment
Romana,/Restaurant_Review-g189838-d807872-Reviews-Romana-Lund_Skane_County.html,24.0,2.5,$$ - $$$,Bangatan 4,,FoodEstablishment
Ichikyo Fusion Sushi,/Restaurant_Review-g189838-d7392582-Reviews-Ichikyo_Fusion_Sushi-Lund_Skane_County.html,12.0,3.0,$$ - $$$,5 Skomakaregatan,223 50,FoodEstablishment
Fazer Restaurang Scotland Yard,/Restaurant_Review-g189838-d7277032-Reviews-Fazer_Restaurang_Scotland_Yard-Lund_Skane_County.html,6.0,2.0,,6 Mobilvaegen Mobilvägen 6,223 62,FoodEstablishment
Burger King,/Restaurant_Review-g189838-d1042627-Reviews-Burger_King-Lund_Skane_County.html,30.0,2.5,$,Knut den Stores g. 2,,FoodEstablishment
Gastro Gaspari,/Restaurant_Review-g189838-d9457240-Reviews-Gastro_Gaspari-Lund_Skane_County.html,34.0,4.5,$$ - $$$,1776 Flyinge Kungsgard Flyinge,247 93,FoodEstablishment
Restaurang La Cucina,/Restaurant_Review-g189838-d10195575-Reviews-Restaurang_La_Cucina-Lund_Skane_County.html,480.0,4.5,$$ - $$$,8 Hantverksgatan,227 36,FoodEstablishment
Mat &amp; Destillat,/Restaurant_Review-g189838-d3139458-Reviews-Mat_Destillat-Lund_Skane_County.html,594.0,4.5,$$$$,17 Kyrkogatan Box 1579,222 22,FoodEstablishment
Ihsiri,/Restaurant_Review-g189838-d7384359-Reviews-Ihsiri-Lund_Skane_County.html,420.0,4.5,$$ - $$$,14 Bytaregatan,222 21,FoodEstablishment
Creperiet i Lund,/Restaurant_Review-g189838-d6981566-Reviews-Creperiet_i_Lund-Lund_Skane_County.html,513.0,4.5,$$ - $$$,14C Klostergatan,222 22,FoodEstablishment
Gattostretto,/Restaurant_Review-g189838-d941772-Reviews-Gattostretto-Lund_Skane_County.html,278.0,4.5,$$ - $$$,6 Kattesund,222 23,FoodEstablishment
Matrummet,/Restaurant_Review-g189838-d3942974-Reviews-Matrummet-Lund_Skane_County.html,106.0,4.5,$$$$,Kastanjegatan 18,223 59,FoodEstablishment
Klostergatans vin och delikatess,/Restaurant_Review-g189838-d780405-Reviews-Klostergatans_vin_och_delikatess-Lund_Skane_County.html,365.0,4.5,$$$$,3 Klostergatan,222 22,FoodEstablishment
Matsalen - Grand Hotel Lund,/Restaurant_Review-g189838-d7195560-Reviews-Matsalen_Grand_Hotel_Lund-Lund_Skane_County.html,577.0,4.0,$$$$,1 Bantorget,222 29,FoodEstablishment
Mediterranean,/Restaurant_Review-g189838-d1023140-Reviews-Mediterranean-Lund_Skane_County.html,212.0,4.0,$$ - $$$,2B Groenegatan,222 24,FoodEstablishment
Ra Epok,/Restaurant_Review-g189838-d2388076-Reviews-Ra_Epok-Lund_Skane_County.html,141.0,4.0,$$ - $$$,7 Klostergatan,222 22,FoodEstablishment
Restaurant Pa Skissernas,/Restaurant_Review-g189838-d12097252-Reviews-Restaurant_Pa_Skissernas-Lund_Skane_County.html,86.0,4.5,$$ - $$$,Finngatan 2 Skissernas Museum,223 62,FoodEstablishment
M.E.A.T.,/Restaurant_Review-g189838-d3194502-Reviews-M_E_A_T-Lund_Skane_County.html,419.0,4.0,$$ - $$$,Kattesund,222 23,FoodEstablishment
Aiko Sushi,/Restaurant_Review-g189838-d11875773-Reviews-Aiko_Sushi-Lund_Skane_County.html,79.0,4.5,$$ - $$$,Stora Sodergatan 20,222 23,FoodEstablishment
Rosegarden Lund,/Restaurant_Review-g189838-d7339811-Reviews-Rosegarden_Lund-Lund_Skane_County.html,185.0,4.0,$$ - $$$,Martenstorget,223 51,FoodEstablishment
Malmstens fisk,/Restaurant_Review-g189838-d2695650-Reviews-Malmstens_fisk-Lund_Skane_County.html,119.0,4.5,$$ - $$$,Martenstorget Saluhallen,211 18,FoodEstablishment
Gambrinus,/Restaurant_Review-g189838-d10325722-Reviews-Gambrinus-Lund_Skane_County.html,135.0,4.0,$$$$,Bantorget 1,221 04,FoodEstablishment
Hjulet Mat &amp; Vin,/Restaurant_Review-g189838-d8844771-Reviews-Hjulet_Mat_Vin-Lund_Skane_County.html,85.0,4.0,$$ - $$$,Ostra Martensgatan 6,223 61,FoodEstablishment
Restaurang VED,/Restaurant_Review-g189838-d6938337-Reviews-Restaurang_VED-Lund_Skane_County.html,352.0,3.5,$$ - $$$,Martenstorget 3,223 51,FoodEstablishment
Buljong,/Restaurant_Review-g189838-d2306597-Reviews-Buljong-Lund_Skane_County.html,52.0,4.5,$$ - $$$,Ostra Martensgatan 6 223 61,223 61,FoodEstablishment
Restaurang Staket,/Restaurant_Review-g189838-d807919-Reviews-Restaurang_Staket-Lund_Skane_County.html,230.0,4.0,$$ - $$$,6 Stora Soedergatan,222 23,FoodEstablishment
V.E.S.P.A Lund,/Restaurant_Review-g189838-d796874-Reviews-V_E_S_P_A_Lund-Lund_Skane_County.html,322.0,3.5,$$ - $$$,1 Karl XI Gatan,222 20,FoodEstablishment
Restaurang Sandra,/Restaurant_Review-g189838-d1043211-Reviews-Restaurang_Sandra-Lund_Skane_County.html,65.0,4.5,$$ - $$$,Stora Sodergatan 42,222 23,FoodEstablishment
Fengsson Dumplings,/Restaurant_Review-g189838-d8581453-Reviews-Fengsson_Dumplings-Lund_Skane_County.html,79.0,4.5,$,1 Winstrupsgatan,222 22,FoodEstablishment
Wasabi,/Restaurant_Review-g189838-d811774-Reviews-Wasabi-Lund_Skane_County.html,96.0,4.0,$$ - $$$,2 Lilla Graabroedersgatan Saluhallen 1,222 22,FoodEstablishment
Dos Hermanos,/Restaurant_Review-g189838-d10770543-Reviews-Dos_Hermanos-Lund_Skane_County.html,53.0,4.5,$$ - $$$,Ostra Vallgatan 3,223 61,FoodEstablishment
Restaurang Thuy,/Restaurant_Review-g189838-d12430704-Reviews-Restaurang_Thuy-Lund_Skane_County.html,52.0,4.0,$$ - $$$,Klostergatan 12,22222,FoodEstablishment
Harrys - Lund,/Restaurant_Review-g189838-d3483544-Reviews-Harrys_Lund-Lund_Skane_County.html,88.0,4.0,$$ - $$$,6 Bangatan,222 21,FoodEstablishment
Ha Long Viet-Thai Restaurang,/Restaurant_Review-g189838-d5936436-Reviews-Ha_Long_Viet_Thai_Restaurang-Lund_Skane_County.html,42.0,4.5,$$ - $$$,Ostra Martensgatan 19,222 61,FoodEstablishment
Gamla Franska,/Restaurant_Review-g189838-d12811361-Reviews-Gamla_Franska-Lund_Skane_County.html,68.0,4.0,$$ - $$$,Martenstorget 1 Saluhallen,22351,FoodEstablishment
Italia il Ristorante,/Restaurant_Review-g189838-d784332-Reviews-Italia_il_Ristorante-Lund_Skane_County.html,277.0,3.5,$$ - $$$,6-8 Stora Fiskaregatan,222 24,FoodEstablishment
ST Michel Vin Och Tapas,/Restaurant_Review-g189838-d4472172-Reviews-ST_Michel_Vin_Och_Tapas-Lund_Skane_County.html,67.0,4.0,$$ - $$$,"St Michel vin och tapas, O. Martensgatan 13 223 61 LUND",223 61,FoodEstablishment
Farmshack BBQ,/Restaurant_Review-g189838-d10469052-Reviews-Farmshack_BBQ-Lund_Skane_County.html,55.0,4.0,$$ - $$$,Dammstorpsvagen 131 Dammstorpsgard,225 92,FoodEstablishment
Bonsai Sushi Bar,/Restaurant_Review-g189838-d6893496-Reviews-Bonsai_Sushi_Bar-Lund_Skane_County.html,35.0,4.5,$$ - $$$,23 Kyrkogatan,222 22,FoodEstablishment
Mui Gong,/Restaurant_Review-g189838-d941304-Reviews-Mui_Gong-Lund_Skane_County.html,83.0,4.0,$$ - $$$,21 Kyrkogatan,222 22,FoodEstablishment
Restaurang Rauhrackel,/Restaurant_Review-g189838-d1042647-Reviews-Restaurang_Rauhrackel-Lund_Skane_County.html,114.0,4.0,$$ - $$$,Stora Algatan 5,223 50,FoodEstablishment
Valvet,/Restaurant_Review-g189838-d789029-Reviews-Valvet-Lund_Skane_County.html,48.0,4.0,$,Allhelgona kyrkogata 6,,FoodEstablishment
Stadsparken Restaurang &amp; Cafe,/Restaurant_Review-g189838-d3476471-Reviews-Stadsparken_Restaurang_Cafe-Lund_Skane_County.html,93.0,3.5,$$ - $$$,Stadsparksgatan,222 29,FoodEstablishment
Ramklints,/Restaurant_Review-g189838-d9735716-Reviews-Ramklints-Lund_Skane_County.html,18.0,4.5,$,10 Maartenstorget,223 51,FoodEstablishment
pintxos,/Restaurant_Review-g189838-d5969596-Reviews-Pintxos-Lund_Skane_County.html,116.0,3.5,$$ - $$$,2 Lilla Graabroedersgatan,222 22,FoodEstablishment
Gront o Gott,/Restaurant_Review-g189838-d8479646-Reviews-Gront_o_Gott-Lund_Skane_County.html,23.0,4.0,$,3 Stora Graabroedersgatan,222 22,FoodEstablishment
"Lund-Berlin ""Doner Precis Som I Berlin""",/Restaurant_Review-g189838-d12534665-Reviews-Lund_Berlin_Doner_Precis_Som_I_Berlin-Lund_Skane_County.html,12.0,5.0,$,Sankt Petri Kyrkogatan 19,,FoodEstablishment
The John Bull Pub,/Restaurant_Review-g189838-d1042641-Reviews-The_John_Bull_Pub-Lund_Skane_County.html,120.0,3.5,$$ - $$$,2 Bantorget,222 29,FoodEstablishment
Ahlgrens Konfektyr,/Restaurant_Review-g189838-d8115558-Reviews-Ahlgrens_Konfektyr-Lund_Skane_County.html,15.0,4.5,$$ - $$$,1 Maartenstorget Salluhallen,223 51,FoodEstablishment
Zen Sushi &amp; Tea,/Restaurant_Review-g189838-d2388074-Reviews-Zen_Sushi_Tea-Lund_Skane_County.html,84.0,4.0,$$ - $$$,4 Oestra Maartensgatan,223 61,FoodEstablishment
Cashew Vegan kitchen,/Restaurant_Review-g189838-d10397338-Reviews-Cashew_Vegan_kitchen-Lund_Skane_County.html,11.0,5.0,$$ - $$$,Kyrkogatan 21,222 22,FoodEstablishment
Meat d Pate,/Restaurant_Review-g189838-d11582678-Reviews-Meat_d_Pate-Lund_Skane_County.html,16.0,4.5,$$ - $$$,1 Maartenstorget,223 51,FoodEstablishment
Torna Hallestad Lanthandel,/Restaurant_Review-g189838-d10686420-Reviews-Torna_Hallestad_Lanthandel-Lund_Skane_County.html,20.0,4.0,$$ - $$$,Sandvagen 4 Torget,24745,FoodEstablishment
Shady Burgers,/Restaurant_Review-g189838-d13827124-Reviews-Shady_Burgers-Lund_Skane_County.html,35.0,4.0,$$ - $$$,Martenstorget 7,223 51,FoodEstablishment
Restaurang Antica Vineria Italiana,/Restaurant_Review-g189838-d3699514-Reviews-Restaurang_Antica_Vineria_Italiana-Lund_Skane_County.html,48.0,4.0,$$ - $$$,2 Clemenstorget,222 21,FoodEstablishment
Truefood,/Restaurant_Review-g189838-d13340831-Reviews-Truefood-Lund_Skane_County.html,16.0,5.0,$,Vastra Martensgatan 7,223 51,FoodEstablishment
Inferno,/Restaurant_Review-g189838-d4292429-Reviews-Inferno-Lund_Skane_County.html,66.0,3.5,$$ - $$$,1 Paradisgatan,223 50,FoodEstablishment
Gloria's Bar &amp; Restaurant,/Restaurant_Review-g189838-d1042637-Reviews-Gloria_s_Bar_Restaurant-Lund_Skane_County.html,98.0,3.5,$$ - $$$,Petri Kyrkog. 9,,FoodEstablishment
La Parada - Peruvian &amp; Tasty,/Restaurant_Review-g189838-d12728746-Reviews-La_Parada_Peruvian_Tasty-Lund_Skane_County.html,20.0,4.0,$$ - $$$,Ostra Martensgatan 15,223 61,FoodEstablishment
Cafe Mejeriet,/Restaurant_Review-g189838-d1042628-Reviews-Cafe_Mejeriet-Lund_Skane_County.html,17.0,4.0,$$ - $$$,64 Stora Soedergatan,222 23,FoodEstablishment
The Bishops Arms,/Restaurant_Review-g189838-d7064049-Reviews-The_Bishops_Arms-Lund_Skane_County.html,57.0,3.5,$$ - $$$,7 Sankt Petri Kyrkogata,222 21,FoodEstablishment
Taquerian,/Restaurant_Review-g189838-d12430497-Reviews-Taquerian-Lund_Skane_County.html,27.0,4.0,$,Klostergatan 11,222 22,FoodEstablishment
Icha Mochi,/Restaurant_Review-g189838-d13468821-Reviews-Icha_Mochi-Lund_Skane_County.html,17.0,4.0,$$ - $$$,Bangatan 8,222 21,FoodEstablishment
John Scott's,/Restaurant_Review-g189838-d13511438-Reviews-John_Scott_s-Lund_Skane_County.html,15.0,4.0,$$ - $$$,Skomakaregatan 3,,FoodEstablishment
Mesob Eritreansk Och Ethiopisk Restaurang,/Restaurant_Review-g189838-d12535602-Reviews-Mesob_Eritreansk_Och_Ethiopisk_Restaurang-Lund_Skane_County.html,6.0,3.5,$$ - $$$,Bankgatan 14A,22352,FoodEstablishment
Restaurang Flame on Curry,/Restaurant_Review-g189838-d14059613-Reviews-Restaurang_Flame_on_Curry-Lund_Skane_County.html,10.0,3.5,$$ - $$$,Martenstorget 6,223 51,FoodEstablishment
Amazing Thai Restaurang in Lund,/Restaurant_Review-g189838-d5952943-Reviews-Amazing_Thai_Restaurang_in_Lund-Lund_Skane_County.html,24.0,3.5,$$ - $$$,11A Byggmaestaregatan,222 37,FoodEstablishment
Saluhallen,/Restaurant_Review-g189838-d15657046-Reviews-Saluhallen-Lund_Skane_County.html,45.0,4.0,,1 Maartenstorget,223 51,FoodEstablishment
Cyrus Restaurang HB,/Restaurant_Review-g189838-d1042631-Reviews-Cyrus_Restaurang_HB-Lund_Skane_County.html,10.0,3.5,$,Allhelgona Kyrkog. 4,,FoodEstablishment
Restaurant &amp; Cafe Inspira,/Restaurant_Review-g189838-d12852786-Reviews-Restaurant_Cafe_Inspira-Lund_Skane_County.html,1.0,5.0,,Scheelevagen 4 Medicon Village,,FoodEstablishment
1959 Gelateria,/Restaurant_Review-g189838-d15326032-Reviews-1959_Gelateria-Lund_Skane_County.html,1.0,5.0,,Vastra Martensgatan 7,,FoodEstablishment
Sibylla Getingevagen,/Restaurant_Review-g189838-d13132622-Reviews-Sibylla_Getingevagen-Lund_Skane_County.html,2.0,4.0,,Getingevagen 9,222 41,FoodEstablishment
Empoli Gyros &amp; Pizza i Lund,/Restaurant_Review-g189838-d5953058-Reviews-Empoli_Gyros_Pizza_i_Lund-Lund_Skane_County.html,6.0,3.5,,2 Tellusgatan,224 57,FoodEstablishment
Avokado Fresh Food,/Restaurant_Review-g189838-d11679838-Reviews-Avokado_Fresh_Food-Lund_Skane_County.html,4.0,4.0,,Bangatan 8,22221,FoodEstablishment
TA Him Thai Way,/Restaurant_Review-g189838-d5943782-Reviews-TA_Him_Thai_Way-Lund_Skane_County.html,4.0,4.0,,Kavlingevagen 1,222 40,FoodEstablishment
Subway,/Restaurant_Review-g189838-d5943779-Reviews-Subway-Lund_Skane_County.html,14.0,3.5,$,10 A Bangatan,222 21,FoodEstablishment
India Dack,/Restaurant_Review-g189838-d5949022-Reviews-India_Dack-Lund_Skane_County.html,4.0,4.0,$,3 Stora Algatan,223 50,FoodEstablishment
Lundalunch,/Restaurant_Review-g189838-d14088700-Reviews-Lundalunch-Lund_Skane_County.html,1.0,5.0,,Sandgatan 10,223 50,FoodEstablishment
Sinji,/Restaurant_Review-g189838-d13536378-Reviews-Sinji-Lund_Skane_County.html,2.0,4.0,$$ - $$$,Sankt Petri kyrkogata 8,222 21,FoodEstablishment
Godset Restaurang,/Restaurant_Review-g189838-d814251-Reviews-Godset_Restaurang-Lund_Skane_County.html,53.0,3.0,$$ - $$$,3-5 Bangatan,222 21,FoodEstablishment
Alfredo's Pasta,/Restaurant_Review-g189838-d9776275-Reviews-Alfredo_s_Pasta-Lund_Skane_County.html,11.0,3.0,,1 Maartenstorget Saluhallen,223 51,FoodEstablishment
Cafe UB,/Restaurant_Review-g189838-d12154549-Reviews-Cafe_UB-Lund_Skane_County.html,4.0,3.5,,Helgonabacken 1,223 62,FoodEstablishment
Cc House Restaurang och Konferens,/Restaurant_Review-g189838-d1042629-Reviews-Cc_House_Restaurang_och_Konferens-Lund_Skane_County.html,1.0,5.0,,Kaprifoliev. 1,,FoodEstablishment
Grillstation,/Restaurant_Review-g189838-d7248003-Reviews-Grillstation-Lund_Skane_County.html,4.0,3.5,,10 Sankt Petri Kyrkogata,222 21,FoodEstablishment
Stortorget Bar &amp; Restaurang,/Restaurant_Review-g189838-d1893307-Reviews-Stortorget_Bar_Restaurang-Lund_Skane_County.html,130.0,3.0,$$ - $$$,1 Stortorget,222 23,FoodEstablishment
Hilbert Cafe,/Restaurant_Review-g189838-d5972283-Reviews-Hilbert_Cafe-Lund_Skane_County.html,1.0,5.0,,18 Soelvegatan,223 62,FoodEstablishment
Mezaya - eLibanesisk Buff,/Restaurant_Review-g189838-d15812604-Reviews-Mezaya_eLibanesisk_Buff-Lund_Skane_County.html,1.0,4.0,,Kyrkogatan.21,22222,FoodEstablishment
Restauran Sol,/Restaurant_Review-g189838-d15326079-Reviews-Restauran_Sol-Lund_Skane_County.html,1.0,4.0,,Helgonabacken 12,,FoodEstablishment
Melinas Matstuga,/Restaurant_Review-g189838-d5952983-Reviews-Melinas_Matstuga-Lund_Skane_County.html,3.0,3.5,,48 Lasarettsgatan,222 41,FoodEstablishment
DJ Burgare,/Restaurant_Review-g189838-d5949345-Reviews-DJ_Burgare-Lund_Skane_County.html,3.0,3.5,,Stattenavagen 1,222 28,FoodEstablishment
Restaurang Ninar,/Restaurant_Review-g189838-d13565181-Reviews-Restaurang_Ninar-Lund_Skane_County.html,2.0,3.5,,Kyrkogatan 21 200 meter fran Domkyrkan,222 22,FoodEstablishment
Spisaren Matstallet,/Restaurant_Review-g189838-d4432644-Reviews-Spisaren_Matstallet-Lund_Skane_County.html,1.0,4.0,,Vikingavagen 31,,FoodEstablishment
Cafe El Gosto,/Restaurant_Review-g189838-d12716840-Reviews-Cafe_El_Gosto-Lund_Skane_County.html,1.0,4.0,,Martenstorget 7a,223 51,FoodEstablishment
Sushi Express,/Restaurant_Review-g189838-d15050338-Reviews-Sushi_Express-Lund_Skane_County.html,3.0,3.5,,Skomakaregatan 5,223 50,FoodEstablishment
Pinchos,/Restaurant_Review-g189838-d13081859-Reviews-Pinchos-Lund_Skane_County.html,36.0,2.5,$$ - $$$,Martenstorget 12,,FoodEstablishment
Viggos The Bar,/Restaurant_Review-g189838-d7104393-Reviews-Viggos_The_Bar-Lund_Skane_County.html,45.0,2.5,$$ - $$$,9 Maartenstorget Mårtenstorget 9,223 51,FoodEstablishment
Wok Kitchen,/Restaurant_Review-g189838-d10513973-Reviews-Wok_Kitchen-Lund_Skane_County.html,9.0,2.0,,Foretagsvagen 10 Nova Lund,227 61,FoodEstablishment
Kinjo Sushi,/Restaurant_Review-g189838-d9742916-Reviews-Kinjo_Sushi-Lund_Skane_County.html,33.0,4.0,$$ - $$$,7 Maartenstorget Mårtenstorget,223 51,FoodEstablishment
Speedy Lee Asian Foodcourt AB,/Restaurant_Review-g189838-d1043214-Reviews-Speedy_Lee_Asian_Foodcourt_AB-Lund_Skane_County.html,,,,Ostra Martensgatan 19,,FoodEstablishment
Spisen Restaurang &amp; Bar,/Restaurant_Review-g189838-d5949039-Reviews-Spisen_Restaurang_Bar-Lund_Skane_County.html,99.0,3.5,$$ - $$$,15 Kiliansgatan,223 50,FoodEstablishment
Finn Inn Restaurang,/Restaurant_Review-g189838-d4176637-Reviews-Finn_Inn_Restaurang-Lund_Skane_County.html,18.0,4.0,$$ - $$$,Dag Hammarskjolds Vag 2,22464,FoodEstablishment
Sugoi,/Restaurant_Review-g189838-d13558002-Reviews-Sugoi-Lund_Skane_County.html,10.0,4.0,,Fabriksgatan 6,22236,FoodEstablishment
Restaurang Edison,/Restaurant_Review-g189838-d5956715-Reviews-Restaurang_Edison-Lund_Skane_County.html,16.0,4.0,,6b Emdalavaegen,223 69,FoodEstablishment
Korvhuset,/Restaurant_Review-g189838-d6884269-Reviews-Korvhuset-Lund_Skane_County.html,17.0,4.0,$,2B Oestra Maartensgatan,223 61,FoodEstablishment
Restaurant Spice and Curry,/Restaurant_Review-g189838-d8116387-Reviews-Restaurant_Spice_and_Curry-Lund_Skane_County.html,47.0,3.5,$$ - $$$,8A Vaarfrugatan,223 50,FoodEstablishment
Cafe Botan,/Restaurant_Review-g189838-d10463802-Reviews-Cafe_Botan-Lund_Skane_County.html,10.0,4.0,$$ - $$$,20 Oestra Vallgatan,223 61,FoodEstablishment
Paradis Biljard &amp; Restaurang,/Restaurant_Review-g189838-d5958624-Reviews-Paradis_Biljard_Restaurang-Lund_Skane_County.html,10.0,4.0,$$ - $$$,Bredg. 10,222 21,FoodEstablishment
Asian Express,/Restaurant_Review-g189838-d10521859-Reviews-Asian_Express-Lund_Skane_County.html,22.0,3.5,$,10 Vaestra Stationstorget Lunds Central Station,222 37,FoodEstablishment
"Botulfs, Cafe Bar o Restaurang",/Restaurant_Review-g189838-d1042624-Reviews-Botulfs_Cafe_Bar_o_Restaurang-Lund_Skane_County.html,25.0,4.0,$$ - $$$,Varfrugatan 8,,FoodEstablishment
ECOfresh,/Restaurant_Review-g189838-d6884249-Reviews-ECOfresh-Lund_Skane_County.html,10.0,4.5,,1 Kattesund,222 23,FoodEstablishment
Delphi Pizzeria &amp; Restaurang,/Restaurant_Review-g189838-d8371879-Reviews-Delphi_Pizzeria_Restaurang-Lund_Skane_County.html,12.0,4.0,$,55A Magistratsvaegen,226 44,FoodEstablishment
Cafe Ariman,/Restaurant_Review-g189838-d6998447-Reviews-Cafe_Ariman-Lund_Skane_County.html,36.0,3.5,$$ - $$$,2 Kungsgatan,223 50,FoodEstablishment
Punjabi Restaurant,/Restaurant_Review-g189838-d3838344-Reviews-Punjabi_Restaurant-Lund_Skane_County.html,89.0,3.5,$$ - $$$,59 Stora Soedergatan,222 23,FoodEstablishment
Viggo Restaurang &amp; Bar,/Restaurant_Review-g189838-d789031-Reviews-Viggo_Restaurang_Bar-Lund_Skane_County.html,106.0,3.5,$$ - $$$,Bangatan 1,,FoodEstablishment
Restaurang och Cafe Inspira,/Restaurant_Review-g189838-d8762842-Reviews-Restaurang_och_Cafe_Inspira-Lund_Skane_County.html,7.0,4.5,,2 Scheelevaegen,223 63,FoodEstablishment
TeKulturen,/Restaurant_Review-g189838-d5956557-Reviews-TeKulturen-Lund_Skane_County.html,7.0,4.5,$,Slojdgatan 13 Only 100 meters from the Train station,227 36,FoodEstablishment
Annas Kok,/Restaurant_Review-g189838-d2318336-Reviews-Annas_Kok-Lund_Skane_County.html,30.0,3.5,$$ - $$$,2 Avtalsvaegen,227 61,FoodEstablishment
O'Learys Lund,/Restaurant_Review-g189838-d3518918-Reviews-O_Learys_Lund-Lund_Skane_County.html,52.0,3.5,$$ - $$$,14B Klostergatan,222 22,FoodEstablishment
Shiraz,/Restaurant_Review-g189838-d9150163-Reviews-Shiraz-Lund_Skane_County.html,15.0,3.5,$$ - $$$,1 Maartenstorget Saluhallen,223 51,FoodEstablishment
Bengtsons Ost &amp; Vinhus,/Restaurant_Review-g189838-d1042622-Reviews-Bengtsons_Ost_Vinhus-Lund_Skane_County.html,13.0,4.0,$$ - $$$,9 Klostergatan,222 22,FoodEstablishment
Restaurang Viva,/Restaurant_Review-g189838-d3499373-Reviews-Restaurang_Viva-Lund_Skane_County.html,5.0,4.5,$$ - $$$,10E Karhoegstorg,223 58,FoodEstablishment
Sushi2go,/Restaurant_Review-g189838-d8368940-Reviews-Sushi2go-Lund_Skane_County.html,15.0,3.5,$$ - $$$,24 Spolegatan,222 20,FoodEstablishment
Martas,/Restaurant_Review-g189838-d7624261-Reviews-Martas-Lund_Skane_County.html,6.0,4.5,,6 Sankt Petri Kyrkogata,222 21,FoodEstablishment
Chocolaterie Hovby No 9,/Restaurant_Review-g189838-d12415546-Reviews-Chocolaterie_Hovby_No_9-Lund_Skane_County.html,4.0,5.0,,Stora Grabrodersgatan 3,222 22,FoodEstablishment
Graffiti Cafe,/Restaurant_Review-g189838-d8644000-Reviews-Graffiti_Cafe-Lund_Skane_County.html,15.0,3.5,$$ - $$$,4 Stora Graabroedersgatan,222 22,FoodEstablishment
Aptiten Pizzeria,/Restaurant_Review-g189838-d5949191-Reviews-Aptiten_Pizzeria-Lund_Skane_County.html,16.0,3.5,$,11 Aellingavaegen,227 34,FoodEstablishment
Pizzeria Avesta,/Restaurant_Review-g189838-d877264-Reviews-Pizzeria_Avesta-Lund_Skane_County.html,37.0,3.5,$,Byggmastareg. 11 C,,FoodEstablishment
Pizzeria Portofino,/Restaurant_Review-g189838-d5936359-Reviews-Pizzeria_Portofino-Lund_Skane_County.html,8.0,4.0,,3 A Sofiavaegen,222 41,FoodEstablishment
Annes &amp; Stortorgets Konditori,/Restaurant_Review-g189838-d5972034-Reviews-Annes_Stortorgets_Konditori-Lund_Skane_County.html,5.0,4.5,,5 Kung Oskars Vaeg,222 40,FoodEstablishment
